"","_2","_3.6.1","_3.6.1.1","_3.6.1.1.2","_3.6.2","_3.6.3","_3.6.4","_3.7","_3.7.16","_3.7.18","_3.7.25","_3.7.29.1","_3.7.30.4.1"
"1",0,0,0,1,0,0,0,0,0,0,0,0,0
"2",1,0,0,0,0,0,0,0,0,0,0,0,0
"3",1,0,0,0,0,0,0,0,0,0,0,0,0
"4",0,0.192667706708268,0.807332293291732,0,0,0,0,0,0,0,0,0,0
"5",1,0,0,0,0,0,0,0,0,0,0,0,0
"6",0,0.110817941952507,0,0,0,0.889182058047493,0,0,0,0,0,0,0
"7",0,0,0,0.00110741971207087,0.396456256921373,0,0.109634551495017,0.00221483942414175,0,0,0,0,0.490586932447398
"8",0,0,0,0,0,0,0,0,0,0,1,0,0
"9",0,0,0,0,0,0,0,0.123,0.253,0.384,0,0.24,0
"10",0,0.5,0,0,0,0.5,0,0,0,0,0,0,0
